REDDIT-MULTI-5K	13962.024568796158	1597.7597410678864	0.427	0.7620955939520938	140  43  19   2   9  68  79  15  11  23  40  28  34  45  56   7  13  14
 115  51  18  19  18  74  59
REDDIT-MULTI-5K	7315.046447277069	1348.3472409248352	0.427	0.7606443725038241	144  43  14   2  10  68  76  13  11  28  42  28  32  49  52  10  11  15
 122  42  20  20  16  79  53
REDDIT-MULTI-5K	7093.662020921707	1347.40762591362	0.422	0.7611301108788321	138  46  18   2   9  65  80  17  11  23  41  27  33  44  58   7  14  13
 117  49  18  23  17  76  54
REDDIT-MULTI-5K	9463.929454088211	1326.6798911094666	0.416	0.7615240937430063	138  46  20   2   7  66  79  15  11  25  40  26  33  46  58   8  11  16
 114  51  19  19  19  79  52
REDDIT-MULTI-5K	7587.225745201111	1365.3962700366974	0.428	0.7610455025926554	143  41  17   2  10  70  74  12  11  29  42  28  33  49  51  10  11  15
 123  41  20  20  16  77  55
REDDIT-MULTI-12K	27191.73142504692	3817.70712518692	0.3231349538977368	0.7526627044404481	 33   2   1  50   4   1   2  11   0  41  16   4  14   0  50   4   9   7
  17   0 102  10   6   7   2  36   1   7  11  25   0  84   7   8   6   0
 136   2  11  10   4   1  36  30  13   5   1  33  17   1   4   4   0  12
  10   2   4   1  74   0   8  11   8   0  69  25   2  11   0  35   3   8
  34   7   0 102  58   7   7   4  16   5  10   2  54   0 108   2   0   4
   0   9   1   5   3   2   0  64   8   0  12   2  10   1   5  14  29   0
 394  47   0   1   0  34   0   2  14   0   0  61  79
REDDIT-MULTI-12K	26849.06145310402	3728.4548060894012	0.3193629505448449	0.751640237400397	 31   4   2  51   4   1   1   9   0  43  15   4  12   1  49   4  11   6
  17   0 103  10   7   8   3  35   1   9  10  24   0  81   8  10   7   0
 133   2  12  13   3   1  35  28  13   3   1  34  17   2   6   4   0  11
   9   2   5   1  78   0   7  12   8   0  67  22   2  11   0  37   3   8
  29   6   0 108  56   9   6   3  16   5   8   2  56   0 108   2   0   6
   0   8   1   3   4   2   0  64   8   1   9   3  11   1   4  14  30   0
 395  46   1   1   0  33   0   3  17   1   0  56  79
REDDIT-MULTI-12K	25079.19561100006	3393.917658805847	0.3160100586756077	0.753782517902519	 26   3   1  55   4   1   2  11   0  42  16   5  13   0  49   4  10   7
  19   0 100  10   7   6   2  36   2   6  10  25   0  84   8   7   6   0
 135   2  12  11   4   1  36  30  11   3   1  35  17   2   5   5   0  11
  10   1   4   1  77   0   7  11   8   0  69  24   1   9   1  34   3   9
  33   7   0 106  57   9  10   3  15   5   5   2  54   0 110   2   0   4
   0   9   1   3   4   2   0  64   9   0   6   3  14   2   3  15  34   0
 389  48   0   1   0  34   0   3  16   1   0  58  78
REDDIT-MULTI-12K	25632.20046901703	3516.9311938285828	0.3176865046102263	0.7511630097757208	 28   4   1  53   4   1   2  12   0  40  16   3  10   1  50   4   9   7
  17   0 105  11   7   5   2  33   1   8  11  27   0  84   8   8   5   0
 136   2  11  11   5   0  36  30  13   4   1  34  16   1   5   5   0  11
  10   2   3   1  75   0   6  11  11   0  69  24   1   7   1  36   3  11
  33   7   0 104  57   9   9   4  15   5   7   2  52   0 110   2   0   6
   0   8   1   5   3   2   0  63   8   1   8   0  11   1   4  16  28   0
 397  48   1   1   0  33   0   3  18   1   0  56  78
REDDIT-MULTI-12K	27874.559190750122	4909.2929520606995	0.3214585079631182	0.7518517395845893	 28   1   1  54   4   1   2  12   0  41  17   3  13   2  52   4   7   8
  18   0 100  10   5   3   4  37   1   9  12  25   0  82   8   7   9   0
 138   2  11  10   5   1  33  28  14   2   1  33  18   2   5   3   0  13
   9   2   5   1  78   0   7  11   8   0  69  21   1  11   1  37   3   9
  31   6   0 105  56  10   7   4  14   6   6   2  54   0 110   2   0   4
   1   9   1   4   3   3   0  63   8   1   7   1  12   1   6  15  28   0
 395  48   1   1   0  32   0   3  15   1   0  59  79
ENZYMES	27.921792030334473	237.66521191596985	0.24166666666666667	0.531658289272051	 2  3  3  1  3  7  0  3  0  1  3 10  1  0  1  2  6  7  2  3  2  2  4 11
  1  2  2  1  3 11  0  1  4  0  0 18
ENZYMES	30.76787519454956	236.1618299484253	0.24166666666666667	0.5287171499164591	 2  3  3  1  3  7  0  3  0  1  3 10  1  0  1  2  6  7  2  3  2  2  4 11
  1  2  2  1  3 11  0  1  4  0  0 18
ENZYMES	31.328938007354736	237.7997760772705	0.25	0.5758383007070974	 4  2  3  1  3  6  0  4  0  1  3  9  1  0  1  2  6  7  4  1  1  2  4 12
  2  2  2  0  3 11  2  1  3  1  0 16
ENZYMES	28.653741121292114	233.62082719802856	0.25833333333333336	0.5770253852055759	 3  1  4  1  3  7  1  3  0  0  3 10  0  1  2  3  4  7  3  2  1  2  4 12
  0  1  3  1  2 13  0  1  3  0  0 19
ENZYMES	29.874611139297485	230.38689494132996	0.24166666666666667	0.5267227509599859	 2  3  3  1  3  7  0  3  0  1  3 10  1  0  1  3  5  7  2  3  2  2  4 11
  1  2  2  1  3 11  0  1  4  0  0 18
BZR	3.9217000007629395	114.32203531265259	0.8395061728395061	0.7590618336886994	65  2 11  3
BZR	4.0107738971710205	109.90451717376709	0.8765432098765432	0.7505330490405117	67  0 10  4
BZR	3.836670160293579	127.57913088798523	0.8765432098765432	0.7473347547974413	67  0 10  4
BZR	11.313307046890259	215.468914270401	0.8641975308641975	0.7452025586353944	67  0 11  3
BZR	11.194640874862671	209.79989314079285	0.8765432098765432	0.7473347547974413	67  0 10  4
MUTAG	1.4700639247894287	136.40493178367615	0.631578947368421	0.6490384615384616	 1 11  3 23
MUTAG	1.5968680381774902	132.56143522262573	0.7368421052631579	0.7996794871794872	 5  7  3 23
MUTAG	1.5044934749603271	130.8809642791748	0.6052631578947368	0.6554487179487181	 1 11  4 22
MUTAG	1.5227696895599365	133.23208689689636	0.7105263157894737	0.7708333333333335	 3  9  2 24
MUTAG	1.6385188102722168	132.854914188385	0.7105263157894737	0.7836538461538461	 4  8  3 23
PROTEINS	158.66021251678467	271.0227749347687	0.6457399103139013	0.6547202797202798	124   8  71  20
PROTEINS	24.520358324050903	171.69801878929138	0.6457399103139013	0.6523476523476524	124   8  71  20
PROTEINS	60.67918920516968	331.32773518562317	0.6457399103139013	0.6548035298035297	124   8  71  20
PROTEINS	159.89641308784485	322.35992670059204	0.6412556053811659	0.6535131535131535	123   9  71  20
PROTEINS	157.8735899925232	321.50619292259216	0.6457399103139013	0.6548035298035297	124   8  71  20
DHFR	20.04813003540039	275.151006937027	0.756578947368421	0.7679697351828499	35 26 11 80
DHFR	61.926541805267334	300.5927300453186	0.756578947368421	0.7542785083768689	34 27 10 81
DHFR	41.78992319107056	246.74896216392517	0.7763157894736842	0.7787785984507296	39 22 12 79
DHFR	14.555570840835571	161.07711791992188	0.7236842105263158	0.7492343721851918	38 23 19 72
DHFR	12.157480001449585	158.367821931839	0.7039473684210527	0.7380652134750494	34 27 18 73
NCI1	125.63456845283508	883.5294599533081	0.6228710462287105	0.6619421918717694	283 143 167 229
NCI1	125.27567911148071	890.5199580192566	0.6301703163017032	0.6626713140797649	287 139 165 231
NCI1	124.08090996742249	899.3906621932983	0.6301703163017032	0.6626713140797649	287 139 165 231
NCI1	124.93778443336487	878.8633577823639	0.6228710462287105	0.6611271162327501	283 143 167 229
NCI1	129.15107011795044	883.4727210998535	0.6228710462287105	0.6619421918717694	283 143 167 229
COX2	4.963046312332153	85.90323901176453	0.7553191489361702	0.6056338028169014	71  0 23  0
COX2	4.660904884338379	83.88901567459106	0.7553191489361702	0.6080832823025107	71  0 23  0
COX2	4.740233421325684	84.24836611747742	0.7553191489361702	0.6080832823025107	71  0 23  0
COX2	4.575481653213501	85.89229798316956	0.7553191489361702	0.6080832823025107	71  0 23  0
COX2	4.923489093780518	86.53271794319153	0.7553191489361702	0.6080832823025107	71  0 23  0
