REDDIT-MULTI-5K	37799.47431612015	1524.0982029438019	0.468	0.7868087861888284	151  34  20   1   7  55  93  15   9  24  33  28  50  41  51   7  14  11
 112  56  12  23  22  69  62
REDDIT-MULTI-5K	29279.481323242188	2264.9830479621887	0.463	0.7855580723772332	146  42  18   1   6  51  98  18  13  16  34  28  50  42  49   6  14  14
 111  55   9  27  25  69  58
REDDIT-MULTI-5K	30253.0645570755	2254.023339033127	0.462	0.7872276504304633	151  36  18   1   7  52  99  18  11  16  32  31  46  42  52   6  16  10
 113  55   8  26  29  72  53
REDDIT-MULTI-5K	26753.447232723236	1368.541271686554	0.453	0.7868972244975121	151  34  19   1   8  56  93  14  10  23  36  28  43  41  55   6  16  10
 112  56  13  23  23  75  54
REDDIT-MULTI-5K	26292.113420009613	1685.5927860736847	0.465	0.7888597189757414	151  37  17   1   7  49 100  17  13  17  33  30  48  41  51   5  16  11
 112  56  10  24  28  72  54
REDDIT-MULTI-12K	66330.34286117554	4450.124590873718	0.39606035205364626	0.8101495228150597	 67   1   1  32   6   0   0   7   0  39   8   1  11   6  56   2  10  12
  22   0  91   6   2   2  10  36   3  12  11  23   0  81   6   3   5   1
 173   3  11   8   5   0  26   9   3   2   1  23  46   0   1   3   0  14
   7   0   3   1  93   0  14  18  12   0  51  10   0   8   3  35   1  10
  40   9   0  97  57   4   7   2  18   6   7   3  79   0  89   0   0   8
   0   8   1   6   6   2   0  60   5   1   7   4  10   1   4   6  29   0
 403  49   0   0   0  16   1   1  11   0   0  60 102
REDDIT-MULTI-12K	27625.569916009903	2901.5738718509674	0.39522212908633697	0.8094400430446459	 65   1   1  33   6   0   1   7   0  39   8   2  10   5  59   1  13  13
  20   0  88   6   1   8   9  37   3  12  10  19   0  81   6   3   6   1
 169   3  12   7   5   0  27  11   4   2   2  20  48   0   1   3   0  13
   7   0   4   1  94   0  12  19  14   0  48  10   0  10   3  36   0   9
  39   9   0  96  58   4   7   3  18   6   8   1  80   0  88   0   0   7
   0   8   1   7   6   1   0  61   5   2   6   3  12   1   5   5  24   0
 407  49   0   0   0  15   1   2  10   0   0  59 104
REDDIT-MULTI-12K	27629.334680318832	2940.360902786255	0.3968985750209556	0.8107382962023171	 65   1   2  34   6   0   0   8   0  36   9   1  13   6  56   2   9  15
  21   0  88   6   2   4  11  39   3  10  10  22   0  81   4   3   6   1
 171   3  13   8   5   0  25   9   5   2   1  21  47   0   1   3   0  14
   6   0   6   1  94   0  13  19  12   0  47  10   0   4   3  38   2   9
  41   8   0  97  58   5   8   4  21   5   4   3  81   0  84   0   0   6
   1   8   1   6   6   1   0  62   5   3   4   3   9   1   5   7  30   0
 401  51   0   0   0  16   1   0  11   0   0  59 104
REDDIT-MULTI-12K	27591.041595220566	2923.8230168819427	0.39354568315171834	0.8098759050600056	 66   0   1  33   6   0   0   8   0  39   8   2   8   4  59   1  11  14
  21   0  91   6   1   6  10  41   3   9   9  20   0  82   5   3   6   1
 173   3   8   8   5   0  27  10   3   3   2  23  46   0   0   3   0  13
   7   1   4   1  95   0  11  20  12   0  49   9   0  11   3  36   1  10
  38   6   0  96  59   4   7   2  21   5   5   4  81   0  86   0   0   7
   0   8   1   6   6   2   0  61   5   3   6   4  10   1   5   6  26   0
 404  49   0   0   0  17   1   1   9   0   0  61 102
REDDIT-MULTI-12K	29877.064426898956	4357.459222078323	0.4002514668901928	0.8107343498215297	 67   1   1  32   6   0   0   8   0  37   9   2  12   5  56   3  10  15
  19   0  89   6   1   4  11  37   4  11   9  22   0  82   5   4   7   1
 173   2  10   9   5   0  24   9   3   3   2  22  47   0   1   2   0  13
   7   0   8   2  94   0  14  16   9   0  49  10   0  12   3  37   1   9
  41  10   0  91  56   3   7   4  18   6   6   3  83   0  85   0   0   8
   0   8   1   7   5   1   0  61   5   3   5   3  10   1   5   4  29   0
 404  50   0   0   0  16   1   1  13   0   0  57 103
ENZYMES	17.085943937301636	228.87942695617676	0.2916666666666667	0.6468735011777476	 4  0  6  1  1  7  1  6  0  0  1  9  0  1  2  3  5  6  3  0  2  2  4 13
  0  0  3  1  2 14  0  1  2  1  0 19
ENZYMES	9.402511835098267	213.74393916130066	0.3	0.6266151428009782	 3  3  4  1  2  6  0  7  1  1  3  5  1  0  4  2  4  6  2  1  2  2  6 11
  0  3  2  1  4 10  1  1  3  2  0 16
ENZYMES	19.821900844573975	189.01798129081726	0.2833333333333333	0.6363054813894461	 3  0  5  1  3  7  1  5  0  0  2  9  1  1  2  3  4  6  4  0  1  2  4 13
  0  2  3  1  2 12  0  0  3  0  0 20
ENZYMES	17.12772297859192	223.7795090675354	0.3333333333333333	0.6287411453133721	 4  2  4  1  3  5  0  8  1  1  3  4  1  1  3  2  4  6  3  2  1  4  5  9
  0  2  2  2  4 10  1  1  3  1  0 17
ENZYMES	6.3346381187438965	213.07203102111816	0.3333333333333333	0.6248256902559354	 4  1  4  1  3  6  0  8  1  1  3  4  1  1  3  2  4  6  2  2  1  4  5 10
  0  2  2  2  4 10  1  1  3  1  0 17
BZR	11.070122003555298	146.76681208610535	0.8641975308641975	0.7739872068230278	66  1 10  4
BZR	11.104012966156006	202.90157103538513	0.8641975308641975	0.7718550106609808	66  1 10  4
BZR	11.155138969421387	156.53447198867798	0.8518518518518519	0.7771855010660982	65  2 10  4
BZR	8.451714038848877	212.82107520103455	0.8641975308641975	0.7707889125799574	66  1 10  4
BZR	3.321955680847168	102.21026611328125	0.8271604938271605	0.7590618336886995	66  1 13  1
MUTAG	0.8124160766601562	66.04498505592346	0.7894736842105263	0.9150641025641025	 6  6  2 24
MUTAG	0.6907899379730225	63.894630908966064	0.7894736842105263	0.9086538461538461	 6  6  2 24
MUTAG	0.9055218696594238	119.39245271682739	0.7894736842105263	0.9086538461538461	 6  6  2 24
MUTAG	1.365800142288208	118.21585702896118	0.7894736842105263	0.9086538461538461	 6  6  2 24
MUTAG	1.3963432312011719	124.77319598197937	0.7894736842105263	0.9150641025641025	 6  6  2 24
PROTEINS	546.9039697647095	450.3951737880707	0.7219730941704036	0.7676490176490176	110  22  40  51
PROTEINS	453.1063988208771	427.91761898994446	0.7399103139013453	0.7604895104895104	116  16  42  49
PROTEINS	553.7348003387451	162.95742392539978	0.7399103139013453	0.7606560106560107	116  16  42  49
PROTEINS	18.11997890472412	202.61471891403198	0.7399103139013453	0.7597402597402597	116  16  42  49
PROTEINS	502.8872740268707	298.55512499809265	0.726457399103139	0.7501665001665002	114  18  43  48
DHFR	40.72891902923584	164.53387594223022	0.75	0.7800396324986489	39 22 16 75
DHFR	7.850575923919678	217.3282549381256	0.7631578947368421	0.7730138713745272	41 20 16 75
DHFR	29.046550989151	298.9662489891052	0.7697368421052632	0.7740947577013151	41 20 15 76
DHFR	28.13741898536682	291.47547483444214	0.7368421052631579	0.7854440641325887	39 22 18 73
DHFR	30.052168130874634	290.92477083206177	0.75	0.7881462799495587	40 21 17 74
NCI1	183.23956203460693	1352.1767292022705	0.6605839416058394	0.7065520225731492	297 129 150 246
NCI1	185.55122590065002	1164.1876499652863	0.6605839416058394	0.7065520225731492	297 129 150 246
NCI1	78.48974418640137	750.2010219097137	0.6618004866180048	0.706285270545834	297 129 149 247
NCI1	78.70414400100708	754.6158456802368	0.6605839416058394	0.7065520225731492	297 129 150 246
NCI1	78.598947763443	753.9913971424103	0.6605839416058394	0.7065520225731492	297 129 150 246
COX2	2.8741016387939453	73.27060508728027	0.7553191489361702	0.6264543784445805	71  0 23  0
COX2	3.332879066467285	75.48104500770569	0.7553191489361702	0.6031843233312921	71  0 23  0
COX2	3.34708309173584	76.28462100028992	0.7553191489361702	0.614206981016534	71  0 23  0
COX2	3.3576292991638184	76.21485805511475	0.7553191489361702	0.614206981016534	71  0 23  0
COX2	3.3227858543395996	76.39932799339294	0.7553191489361702	0.614206981016534	71  0 23  0
