ENZYMES	33.3512978553772	253.3428180217743	0.375	0.720140782424319	 8  2  0  3  1  8  2 10  2  2  2  4  4  2  6  1  1  6  2  3  1  9  0  3
  5  5  6  1  4  3  1  1  0  3  1  8
ENZYMES	31.575134754180908	249.17544603347778	0.375	0.7242517919661511	 8  2  0  3  2  7  2 10  3  2  1  4  2  3  6  1  1  7  2  3  1  9  0  3
  5  5  6  1  4  3  1  1  0  3  1  8
ENZYMES	31.496997356414795	235.306006193161	0.375	0.720140782424319	 8  2  0  3  1  8  2 10  2  2  2  4  4  2  6  1  1  6  2  3  1  9  0  3
  5  5  6  1  4  3  1  1  0  3  1  8
ENZYMES	30.06960964202881	239.1293601989746	0.375	0.7242517919661511	 8  2  0  3  2  7  2 10  3  2  1  4  2  3  6  1  1  7  2  3  1  9  0  3
  5  5  6  1  4  3  1  1  0  3  1  8
ENZYMES	29.979819297790527	252.19394493103027	0.35833333333333334	0.7180317948632983	 7  2  0  2  1 10  2 10  3  2  1  4  4  3  6  1  1  5  2  3  1  9  0  3
  4  6  7  1  3  3  2  1  0  2  1  8
BZR	15.464958667755127	226.15269875526428	0.8395061728395061	0.8795081967213114	58  3 10 10
BZR	15.71074891090393	218.96712708473206	0.8395061728395061	0.880327868852459	58  3 10 10
BZR	16.603989124298096	218.93867683410645	0.8395061728395061	0.8770491803278688	58  3 10 10
BZR	16.74866008758545	259.57297921180725	0.8395061728395061	0.880327868852459	58  3 10 10
BZR	17.597456693649292	235.97923493385315	0.8395061728395061	0.8778688524590164	58  3 10 10
MUTAG	3.8834707736968994	221.71941304206848	0.868421052631579	0.9276923076923077	11  2  3 22
MUTAG	4.019221067428589	223.4864149093628	0.868421052631579	0.9276923076923076	11  2  3 22
MUTAG	3.961130380630493	217.02527117729187	0.8947368421052632	0.9307692307692309	12  1  3 22
MUTAG	4.254080057144165	132.67701411247253	0.8947368421052632	0.9307692307692309	12  1  3 22
MUTAG	1.302016019821167	121.8750352859497	0.868421052631579	0.9215384615384615	11  2  3 22
PROTEINS	340.3945641517639	64.00946187973022	0.7892376681614349	0.835868830290737	124  12  35  52
PROTEINS	327.3369290828705	97.36593413352966	0.8026905829596412	0.8430527383367141	123  13  31  56
PROTEINS	495.92386269569397	156.18042707443237	0.7937219730941704	0.8416159567275185	122  14  32  55
PROTEINS	203.19186663627625	98.35856699943542	0.7937219730941704	0.8391649763353617	121  15  31  56
PROTEINS	262.5534689426422	115.84725022315979	0.7847533632286996	0.8222194050033808	126  10  38  49
DHFR	57.57218551635742	164.87052392959595	0.7105263157894737	0.7583845478489903	36 31 13 72
DHFR	25.79232096672058	177.84313917160034	0.7039473684210527	0.7597892888498683	35 32 13 72
DHFR	47.609177112579346	133.1130928993225	0.6842105263157895	0.7582089552238807	34 33 15 70
DHFR	33.80991792678833	186.00164890289307	0.6907894736842105	0.7613696224758559	35 32 15 70
DHFR	21.45125102996826	60.738240003585815	0.7105263157894737	0.7583845478489903	36 31 13 72
NCI1	308.76325368881226	212.1957597732544	0.670316301703163	0.7446821751370574	319 106 165 232
NCI1	317.53925609588623	325.2739191055298	0.6690997566909975	0.7439413246406874	319 106 166 231
NCI1	496.0416066646576	193.7964370250702	0.6666666666666666	0.743431619499185	316 109 165 232
NCI1	213.76627397537231	112.55933094024658	0.6690997566909975	0.7439413246406874	319 106 166 231
NCI1	237.07877707481384	214.9109969139099	0.670316301703163	0.7434197658912431	319 106 165 232
COX2	14.703696250915527	95.26646208763123	0.8404255319148937	0.7566844919786097	75  2 13  4
COX2	17.292458057403564	92.97112584114075	0.8404255319148937	0.7566844919786097	75  2 13  4
COX2	17.663332223892212	81.88694500923157	0.8404255319148937	0.7536287242169595	75  2 13  4
COX2	6.6169350147247314	51.765445947647095	0.8404255319148937	0.7566844919786097	75  2 13  4
COX2	6.536359548568726	48.91081500053406	0.8404255319148937	0.7566844919786097	75  2 13  4
REDDIT-MULTI-5K	35364.83511185646	254.2758891582489	0.537	0.8286999145579289	151  31   7   2   3  37 129  16  10  16  34  45  38  33  57   2  15  16
 134  50   8  18  13  50  85
REDDIT-MULTI-5K	28779.45802283287	269.1384172439575	0.535	0.8306235724312125	152  29   8   2   3  36 131  11  10  20  36  44  38  27  62   1  16  19
 130  51   8  19  14  49  84
REDDIT-MULTI-5K	34149.57325220108	256.8052909374237	0.521	0.8296679590410807	152  30   7   2   3  39 126  15  12  16  36  44  32  30  65   2  14  16
 129  56   5  17  17  53  82
REDDIT-MULTI-5K	25308.023529052734	495.5526649951935	0.534	0.829827380480293	151  31   7   2   3  37 129  11  12  19  35  41  37  31  63   2  13  16
 132  54   6  17  16  50  85
REDDIT-MULTI-5K	26631.996598243713	260.2382187843323	0.537	0.8305355944536444	154  27   8   2   3  38 129  12  10  19  35  43  39  27  63   2  15  19
 130  51   9  17  15  48  85
REDDIT-MULTI-12K	69036.61922192574	435.8896038532257	0.44761106454316846	0.8517455641477085	 80   1   1  15   5   0   0  15   0  18   8   4  21  19  37   3  22  13
  34   3  60   3   3  11  44  15   5  15   8  12   0  88   4   4   8   6
 137   6  31   8  15   0   7  12   3   1   8   8  65   2   0   2   0   7
   3   0  11   6  69   1  39  25  23   0  23   9   0   8   3  24   1  30
  60  24   0  55  31   3   9   9   7   5   3   3 116   0  51   0   2  11
   0   9   0   8   7   5   2  47   4   1   9  18   3   0   4  29  32   1
 406  37   4   0   2  13   0   3  26   0   0  57  98
REDDIT-MULTI-12K	29785.371391057968	455.94515681266785	0.44677284157585917	0.8519263154703448	 81   1   1  15   5   0   0  13   0  20   7   5  26  19  36   3  18  15
  32   0  62   3   5  11  39  15   5  16   8  13   0  89   4   4   8   5
 140   5  31   7  15   0   6  13   4   1   8   9  64   2   0   2   0   6
   3   1  10   6  67   1  38  27  23   0  23  10   0   9   2  25   1  28
  60  24   0  53  34   2  12   8   6   4   4   3 116   0  51   0   2  10
   0   9   0   6   6   6   1  50   5   1  11  16   5   0   5  30  34   0
 403  35   4   0   3  14   0   2  27   0   0  55  98
REDDIT-MULTI-12K	29848.541619300842	450.8332829475403	0.4450963956412406	0.8521962418688683	 82   1   0  15   5   0   0  14   0  19   7   5  20  18  36   3  23  14
  33   1  62   4   3  11  41  14   5  16   8  14   0  89   4   3   8   5
 140   6  31   7  14   0   6  14   4   1   9   9  63   2   0   2   0   6
   3   1   9   6  69   1  37  29  23   0  23   8   0   9   2  25   1  27
  59  24   0  56  33   3  10   9   6   4   4   3 114   1  52   0   2   9
   0   9   0   7   7   6   0  51   4   1  10  16   4   0   6  29  34   0
 406  34   3   1   2  14   0   2  27   0   0  54 100
REDDIT-MULTI-12K	29495.625957727432	792.7414970397949	0.4492875104777871	0.852348191557562	 82   0   0  15   5   0   0  14   1  19   7   5  24  17  37   3  20  15
  31   1  62   4   3  10  46  14   5  15   9  13   0  86   4   4   7   6
 141   5  32   8  13   0   5  13   4   1   9   8  65   2   0   2   0   6
   2   1  10   6  69   1  37  29  24   0  21   8   0  11   2  25   1  26
  62  23   0  54  32   3  15   7   6   5   5   2 112   0  51   0   2  10
   0   9   0   7   7   6   1  49   4   2  10  18   4   0   5  29  33   1
 402  36   3   1   2  14   0   2  26   0   0  55 100
REDDIT-MULTI-12K	36553.648330926895	745.0864388942719	0.4463537300922045	0.8513523396676735	 82   1   0  15   4   0   0  13   0  20   8   5  24  13  36   3  21  14
  34   1  64   4   3  10  43  16   5  16   8  14   0  86   4   4   8   6
 137   5  34   5  16   0   5  14   5   1   8   8  62   2   0   2   0   7
   4   1   8   7  69   1  39  27  21   0  24   9   0   7   2  28   1  28
  58  25   0  54  33   1  10   7   7   5   4   2 117   1  52   0   2  10
   1   8   0   7   8   5   1  49   4   1  10  19   7   0   5  29  31   1
 399  38   2   1   1  13   0   3  24   0   0  56 103
