REDDIT-MULTI-5K	39264.41425395012	307.6717309951782	0.514	0.8142612016436221	149  42  13   0   9  32 125  17   8  14  22  41  52  37  51   3  21  11
 106  59   4  27  22  53  82
REDDIT-MULTI-5K	30012.50854563713	705.5489630699158	0.524	0.8145363687139276	153  38  14   0   8  33 129  14   5  15  20  42  55  38  48   3  20  13
 107  57   5  25  23  55  80
REDDIT-MULTI-5K	30555.661702871323	765.7770788669586	0.518	0.8146925910936449	149  39  17   0   8  33 129  14   7  13  22  41  52  37  51   3  21  12
 107  57   6  27  21  53  81
REDDIT-MULTI-5K	26826.6001226902	307.3513238430023	0.517	0.813736944667285	154  36  14   0   9  35 126  14   6  15  21  42  53  39  48   3  22  12
 107  56   5  27  22  57  77
REDDIT-MULTI-5K	27301.895324230194	306.96089601516724	0.501	0.8128117166655249	147  42  16   0   8  37 123  15   7  14  22  44  46  36  55   3  22  13
 107  55   4  26  24  56  78
REDDIT-MULTI-12K	67715.99224090576	518.2655708789825	0.4551550712489522	0.853277367305001	 97   1   3  10   3   1   0  12   0  23  11   4  11  14  46   1  29  18
  31   0  58   5   2   4  39  26   4  14  12  17   0  60   8   7   6   1
 160   4  21   4  12   0  15  14   5   1   4   5  70   1   0   4   1   6
   3   2   9   1  79   0  42  22  18   0  19  10   0   9   5  25   0  27
  63  22   0  63  46   7   5   4  10   7  11   1 115   0  55   0   0  11
   4   7   1   4   9   3   0  50   7   2   6  10   5   2   5  14  34   2
 392  42   1   0   6   7   1   1  20   0   0  58  97
REDDIT-MULTI-12K	29952.15815281868	714.5568571090698	0.4543168482816429	0.8534262405210058	 96   1   3  10   4   1   0  11   0  24  11   4  13  14  47   1  28  18
  33   0  54   5   2   5  38  28   3  15  12  16   0  59   8   8   7   1
 159   4  21   3  11   0  17  13   5   2   4   5  69   1   0   4   1   6
   3   2   7   1  82   0  38  23  20   0  18  11   0  11   4  26   0  25
  64  20   0  64  46   6   5   4   9   7  11   1 117   1  54   0   0  12
   4   7   1   3  10   3   0  50   6   2   6  10   4   2   7  14  35   0
 392  42   1   0   4   7   1   2  20   0   0  58  98
REDDIT-MULTI-12K	29775.113921165466	702.2399940490723	0.45683151718357085	0.853614543918657	 97   1   3  10   4   1   0  11   0  23  11   4  11  14  48   1  28  18
  30   0  58   5   1   6  37  28   4  12  12  17   0  61   8   6   6   1
 162   4  20   4  11   0  17  13   6   1   4   5  69   2   0   4   1   5
   3   2   9   1  78   0  43  22  17   0  19  11   0  10   4  24   0  27
  63  20   0  67  45   6   5   4   9   8  12   1 117   0  53   0   0  10
   4   7   1   3  10   4   0  50   7   2   5  10   4   3   7  13  35   2
 391  42   1   0   4   6   0   2  20   0   0  58 100
REDDIT-MULTI-12K	29686.402276039124	534.3117589950562	0.45347862531433364	0.8536640856340248	 95   1   3  10   4   1   0  12   0  24  11   4  10  17  47   1  26  19
  29   0  59   5   1   5  37  29   3  13  15  16   0  61   6   7   7   1
 162   4  17   4  11   0  17  14   5   2   4   5  69   1   0   4   1   6
   3   1  10   1  79   0  41  21  19   0  20  10   0   9   5  25   0  28
  59  21   0  65  48   7   6   5  11   7  11   1 113   1  53   0   0  11
   4   7   1   4   9   4   0  50   6   2   8   7   4   2   6  15  33   0
 396  41   1   0   4   6   0   2  20   0   0  58 100
REDDIT-MULTI-12K	29859.77774643898	549.341206073761	0.45473595976529757	0.8530480422969187	 97   1   3  10   4   1   0  11   0  23  11   4  12  17  45   1  25  21
  31   0  56   5   1   7  41  27   3  13  14  15   0  58   7   7   5   1
 160   4  20   4  11   0  18  14   6   2   5   4  69   1   0   4   1   5
   3   2   9   2  77   0  43  22  17   0  20  10   0   9   5  26   0  27
  59  21   0  65  48   7   7   4  10   7  11   1 114   0  54   0   0   9
   3   7   1   4   9   3   1  53   6   2   8   8   5   2   5  16  35   0
 391  42   1   0   4   6   1   2  20   0   0  59  98
ENZYMES	5.590451002120972	48.16195583343506	0.39166666666666666	0.7384874589988161	 7  3  6  1  1  1  1  6  4  2  3  1  0  1  9  2  4  1  5  5  2  8  2  2
  4  2  1  2  7  4  3  5  0  1  4 10
ENZYMES	5.700884819030762	48.16842317581177	0.38333333333333336	0.7373374451831798	 7  3  6  1  1  1  1  6  3  3  3  1  0  1  9  2  4  1  5  5  2  8  2  2
  4  2  2  3  6  3  3  5  1  1  3 10
ENZYMES	5.982709884643555	48.246917724609375	0.38333333333333336	0.7396033798989571	 7  3  6  1  1  1  1  7  3  2  3  1  0  1  8  2  5  1  5  5  2  8  2  2
  5  2  2  2  6  3  2  5  1  1  4 10
ENZYMES	6.07996129989624	48.88155484199524	0.38333333333333336	0.7396033798989571	 7  3  6  1  1  1  1  7  3  2  3  1  0  1  8  2  5  1  5  5  2  8  2  2
  5  2  2  2  6  3  2  5  1  1  4 10
ENZYMES	5.573785781860352	49.05762314796448	0.38333333333333336	0.7373374451831798	 7  3  6  1  1  1  1  6  3  3  3  1  0  1  9  2  4  1  5  5  2  8  2  2
  4  2  2  3  6  3  3  5  1  1  3 10
BZR	3.2873871326446533	44.31054067611694	0.8395061728395061	0.8315565031982942	66  1 12  2
BZR	3.333017110824585	41.4452121257782	0.8395061728395061	0.8464818763326226	66  1 12  2
BZR	3.4278619289398193	42.89233088493347	0.8395061728395061	0.8560767590618337	66  1 12  2
BZR	3.28389573097229	43.62695670127869	0.8395061728395061	0.8464818763326226	66  1 12  2
BZR	3.5129339694976807	43.34330487251282	0.8395061728395061	0.8443496801705758	66  1 12  2
MUTAG	0.6990759372711182	40.5444450378418	0.868421052631579	0.9118589743589745	 8  4  1 25
MUTAG	0.6343541145324707	75.28923392295837	0.868421052631579	0.9118589743589743	 8  4  1 25
MUTAG	1.1908190250396729	87.30031394958496	0.868421052631579	0.905448717948718	 8  4  1 25
MUTAG	1.8891987800598145	102.38414907455444	0.868421052631579	0.905448717948718	 8  4  1 25
MUTAG	1.216559648513794	79.82449769973755	0.868421052631579	0.9150641025641025	 8  4  1 25
PROTEINS	549.1829800605774	122.42276096343994	0.7309417040358744	0.7924991674991676	110  22  38  53
PROTEINS	569.6754801273346	119.09297704696655	0.7354260089686099	0.788919413919414	110  22  37  54
PROTEINS	561.4209671020508	128.81874704360962	0.7399103139013453	0.7908341658341658	111  21  37  54
PROTEINS	447.2131769657135	147.5618920326233	0.7354260089686099	0.7862554112554112	109  23  36  55
PROTEINS	121.15837693214417	62.179116010665894	0.7399103139013453	0.7912504162504161	111  21  37  54
DHFR	9.711059808731079	52.19575309753418	0.7631578947368421	0.8220140515222483	40 21 15 76
DHFR	9.893717288970947	53.54925799369812	0.7631578947368421	0.8220140515222483	40 21 15 76
DHFR	10.541215896606445	54.058664321899414	0.7631578947368421	0.8220140515222483	40 21 15 76
DHFR	10.79416561126709	64.64871597290039	0.743421052631579	0.821293460637723	36 25 14 77
DHFR	40.541805028915405	101.62689280509949	0.7631578947368421	0.8220140515222483	40 21 15 76
NCI1	242.6886076927185	177.76835203170776	0.6642335766423357	0.7190152700716081	323 103 173 223
NCI1	252.80995416641235	186.7566831111908	0.670316301703163	0.718028287570541	323 103 168 228
NCI1	270.8648703098297	255.34579873085022	0.670316301703163	0.718028287570541	323 103 168 228
NCI1	422.6784317493439	312.5716800689697	0.6630170316301703	0.7188255797410726	321 105 172 224
NCI1	317.99514603614807	196.07747983932495	0.6666666666666666	0.7173199127424479	318 108 166 230
COX2	13.023453712463379	82.86988425254822	0.7553191489361702	0.7593386405388854	71  0 23  0
COX2	13.133626699447632	87.55857801437378	0.7553191489361702	0.7593386405388854	71  0 23  0
COX2	17.438114881515503	139.86742091178894	0.7553191489361702	0.7593386405388854	71  0 23  0
COX2	17.18095874786377	140.06150674819946	0.7553191489361702	0.7593386405388854	71  0 23  0
COX2	16.795207500457764	129.3068881034851	0.7553191489361702	0.7593386405388854	71  0 23  0
