REDDIT-MULTI-5K	12729.463908195496	257.34108304977417	0.46	0.7860978509036829	132  57   7   0  17  43 114  16   5  18  30  41  29  43  60   3  23   8
 101  65  13  25  13  53  84
REDDIT-MULTI-5K	7933.198379993439	271.2893908023834	0.469	0.786588710474172	135  53  12   0  13  43 113  18   4  18  29  40  35  37  62   3  22  12
 101  62   9  26  17  51  85
REDDIT-MULTI-5K	8070.604887008667	262.92133116722107	0.462	0.7871549021548263	136  51  15   0  11  43 107  24   6  16  26  46  35  35  61   4  20  16
  99  61  10  25  21  47  85
REDDIT-MULTI-5K	10296.758936882019	260.94385719299316	0.469	0.7851853095065022	135  52  13   0  13  42 114  16   4  20  31  39  34  38  61   3  21  12
 101  63   8  27  19  49  85
REDDIT-MULTI-5K	8358.514096021652	265.3796720504761	0.459	0.7861246904975173	132  57   9   0  15  44 112  15   5  20  30  43  28  39  63   4  20   9
 102  65  13  25  12  53  85
REDDIT-MULTI-12K	25696.166619062424	553.0933451652527	0.4098910310142498	0.8195926520014235	 84   0   3  12   3   0   2  15   0  30  12   7  11   6  43   3  24  16
  31   0  68   8  10   5  24  30   2  12  13  24   0  59   7   9   6   3
 139   5  22  10  12   0  18  20  15   4   1  12  47   3   0   4   1   7
   6   4   7   4  65   0  32  24  17   0  36  13   0   7   4  26   0  18
  55  22   0  83  45   6  12   2  12   4   7   2 104   0  66   0   0  10
   2   5   1  10   8   2   0  52   6   4  10   5   7   4   7  20  38   0
 380  39   0   0   3  14   0   1  19   0   0  52 102
REDDIT-MULTI-12K	29009.961077451706	532.4761028289795	0.4115674769488684	0.8195037834409014	 84   2   3  11   3   0   2  13   0  30  13   6  11   8  43   3  23  16
  34   0  65   8  10   5  25  31   2  11  13  23   0  59   7   8   4   5
 138   5  22  11  12   0  18  21  15   4   2  12  47   3   0   4   1   7
   5   4   8   3  65   0  32  24  16   1  35  14   0   5   5  26   0  19
  54  21   0  85  45   7  13   1  12   4   7   2 103   0  66   0   0   8
   4   6   1   9   8   3   1  50   6   4  10   3   7   4   7  20  37   0
 383  39   0   0   3  13   0   1  18   0   0  52 104
REDDIT-MULTI-12K	27051.181733846664	531.8831281661987	0.41282481139983235	0.8190099463355569	 85   1   3  12   3   0   2  13   0  29  13   5  13  10  43   3  20  17
  32   0  66   8  10   5  22  30   2  12  12  24   1  62   6   8   4   3
 141   5  20  10  14   0  18  21  15   4   2  11  48   3   0   4   1   6
   6   5   7   4  64   0  32  24  17   0  36  13   0   7   5  24   0  22
  54  23   0  80  45   6  15   1  13   4   7   2 101   0  66   0   0   9
   3   7   1   8   8   2   1  51   6   4   9   4   7   4   8  20  36   0
 383  39   0   0   2  12   0   1  19   0   0  52 105
REDDIT-MULTI-12K	26861.206999063492	791.4599981307983	0.413243922883487	0.8169640142609247	 87   0   4   9   3   0   2  14   0  30  12   5   9   9  45   3  21  16
  35   0  66   8  11   7  24  32   2  10  11  24   1  59   5   8   5   2
 142   5  21  10  12   0  18  21  14   4   2  12  48   2   0   4   1   6
   7   5   8   2  61   0  36  24  17   0  35  14   1   7   4  28   0  19
  55  23   0  79  44   7  14   2  13   5   6   2 101   0  65   0   0  12
   2   6   1   8   9   1   0  51   6   5  11   3   7   3   6  22  38   0
 380  39   0   0   2  12   0   1  20   0   0  52 104
REDDIT-MULTI-12K	26737.75376701355	540.0320420265198	0.413243922883487	0.818642940277817	 84   1   3  12   3   0   2  13   0  31  12   6  10   8  43   3  21  16
  32   1  69   8  11   5  23  31   2  11  12  23   1  60   7   8   6   3
 140   5  20  10  12   0  19  21  13   4   2  14  46   3   0   4   1   7
   6   5   8   3  63   0  35  23  17   0  35  13   1   7   4  25   0  18
  55  23   0  82  45   6  14   3  11   6   7   2 104   0  62   0   0  10
   2   5   1  10   9   2   1  50   6   4   9   3   7   4   6  21  35   0
 386  39   0   0   2  13   0   1  19   0   0  54 102
ENZYMES	7.71364688873291	54.20646810531616	0.25833333333333336	0.6380672590739214	 3  2  8  1  1  4  1  4  3  3  2  4  2  2  5  3  5  0  5  3  3  6  3  4
  3  2  5  3  3  4  4  5  4  0  0 10
ENZYMES	8.16997504234314	59.07574915885925	0.25833333333333336	0.6380084838457538	 3  3  7  1  1  4  0  4  3  3  2  5  2  2  5  3  5  0  5  3  3  6  3  4
  3  2  5  2  3  5  4  5  4  0  0 10
ENZYMES	8.18165397644043	59.613394021987915	0.25	0.6412890920241611	 3  3  7  1  1  4  2  3  3  3  2  4  2  2  5  3  5  0  4  3  3  6  3  5
  3  2  5  2  3  5  4  5  4  0  0 10
ENZYMES	8.606702327728271	55.387856006622314	0.25833333333333336	0.6326707672918329	 3  3  7  1  1  4  2  3  3  3  2  4  2  2  5  3  5  0  4  3  3  6  3  5
  3  3  3  3  4  4  4  5  4  0  0 10
ENZYMES	7.48607611656189	54.804176807403564	0.25833333333333336	0.6326707672918329	 3  3  7  1  1  4  2  3  3  3  2  4  2  2  5  3  5  0  4  3  3  6  3  5
  3  3  3  3  4  4  4  5  4  0  0 10
BZR	4.464853286743164	49.99808716773987	0.8641975308641975	0.8155650319829424	67  0 11  3
BZR	4.743258237838745	48.11925792694092	0.8641975308641975	0.7931769722814498	67  0 11  3
BZR	4.0364830493927	49.61621618270874	0.8641975308641975	0.8070362473347548	67  0 11  3
BZR	4.435647010803223	53.48877811431885	0.8641975308641975	0.8059701492537313	67  0 11  3
BZR	4.532921075820923	49.66809916496277	0.8641975308641975	0.8081023454157782	67  0 11  3
MUTAG	0.8157989978790283	47.5188729763031	0.8421052631578947	0.9375	 7  5  1 25
MUTAG	0.7017161846160889	46.8823721408844	0.8421052631578947	0.9246794871794872	 7  5  1 25
MUTAG	0.8797848224639893	52.36841177940369	0.8421052631578947	0.9182692307692308	 7  5  1 25
MUTAG	0.9667997360229492	49.551923751831055	0.8421052631578947	0.9375	 7  5  1 25
MUTAG	0.7225770950317383	48.69258499145508	0.868421052631579	0.9503205128205129	 8  4  1 25
PROTEINS	27.763472318649292	61.17298102378845	0.7399103139013453	0.7831751581751581	112  20  38  53
PROTEINS	27.92698383331299	62.274770975112915	0.7354260089686099	0.7766816516816517	116  16  43  48
PROTEINS	30.146209239959717	62.7803750038147	0.7354260089686099	0.7836330336330336	112  20  39  52
PROTEINS	27.608601093292236	58.73048686981201	0.7399103139013453	0.7842990342990342	113  19  39  52
PROTEINS	29.224332809448242	61.890968799591064	0.7309417040358744	0.7783050283050282	116  16  44  47
DHFR	13.907954931259155	55.2063570022583	0.7236842105263158	0.8072419383894793	33 28 14 77
DHFR	13.24781584739685	56.52035713195801	0.743421052631579	0.8085029724373987	35 26 13 78
DHFR	15.05613112449646	58.06627702713013	0.7236842105263158	0.8072419383894793	33 28 14 77
DHFR	12.610540866851807	59.779273986816406	0.743421052631579	0.8086831201585299	35 26 13 78
DHFR	13.582248210906982	56.576870918273926	0.7302631578947368	0.8072419383894793	33 28 13 78
NCI1	150.26840686798096	95.08549118041992	0.6192214111922141	0.6673691136719306	296 130 183 213
NCI1	148.4936990737915	97.40817093849182	0.6192214111922141	0.6673691136719306	296 130 183 213
NCI1	148.67081236839294	95.39498710632324	0.621654501216545	0.6679026177265613	296 130 181 215
NCI1	146.73027110099792	98.43454480171204	0.6192214111922141	0.6673691136719306	296 130 183 213
NCI1	146.4594759941101	102.29437828063965	0.6240875912408759	0.6651669274908711	301 125 184 212
COX2	4.9406657218933105	49.17955470085144	0.7553191489361702	0.7278015921616656	71  0 23  0
COX2	6.354748010635376	53.71220397949219	0.7553191489361702	0.7278015921616656	71  0 23  0
COX2	5.353238821029663	52.45690321922302	0.7553191489361702	0.7278015921616656	71  0 23  0
COX2	5.9587531089782715	49.44776511192322	0.7553191489361702	0.7278015921616656	71  0 23  0
COX2	5.951354026794434	54.052308797836304	0.7553191489361702	0.7278015921616656	71  0 23  0
