REDDIT-MULTI-5K	13077.356071949005	1640.9915719032288	0.414	0.7519021635372242	143  49  11   1   9  70  69  23  11  23  31  39  36  40  57   7  18  14
 100  61  14  22  27  59  66
REDDIT-MULTI-5K	6956.441212415695	1403.0489728450775	0.418	0.7518120978819268	141  48  13   1  10  71  68  21  10  26  31  39  34  38  61   8  16  14
 102  60  16  17  23  59  73
REDDIT-MULTI-5K	6942.468067646027	1312.1579430103302	0.412	0.7517364582950526	143  45  15   1   9  71  68  23   9  25  31  39  32  39  62   7  20  11
 102  60  14  21  25  61  67
REDDIT-MULTI-5K	9425.405230283737	1336.6848502159119	0.415	0.7513595412652334	145  46  10   2  10  72  66  19  11  28  35  35  32  33  68   7  19  10
  96  68  18  16  20  58  76
REDDIT-MULTI-5K	7544.882048368454	1356.157513141632	0.417	0.7501744747531018	143  45  14   3   8  71  68  21  10  26  32  37  36  39  59   7  18  13
 102  60  14  20  25  61  68
REDDIT-MULTI-12K	25616.0872027874	3776.438989877701	0.2900251466890193	0.7162405445642007	 49   0   5  24   3   2   6   3   0  57  12   4   1   5  47   1   9  16
   8   0 120   6   8   0   7  32   0   7  13   7   0 107   5   7   1   1
 124   2  12  27   4   0  43  23  21   1   1  23   5   3   9   1   0  18
  18   7   2   0  71   2  11  12   0   0  87  10   9   1   2  63   1   8
  40   2   0 110  24   6   0   2  18   0   6  10  17   0 154   2   2   0
   0   9   1   5  11   1   0  65   2   6   0   0  34   4   6  25  13   1
 406  19  13   0   0  73   1   5  16   0   0  51  32
REDDIT-MULTI-12K	26050.904113054276	3421.6441962718964	0.2862531433361274	0.7183877387984786	 51   0   4  23   3   2   7   4   0  55  12   4   3   5  46   1   7  18
   8   0 120   5   9   0   5  28   0   9  13  12   0 104   6   8   3   0
 122   1  12  25   2   0  45  26  20   0   0  23   5   3   8   1   0  21
  19   7   2   1  71   2   7  16   0   0  86  10   9   2   1  66   0   9
  35   1   0 114  23   7   1   0  19   0   4   9  17   0 156   2   2   0
   0   8   1   6   9   0   0  68   2   7   0   0  36   4   4  30   7   0
 409  17  15   0   0  72   0   9  15   1   0  50  29
REDDIT-MULTI-12K	24981.137193918228	3862.7081639766693	0.28918692372170995	0.7180153586044814	 49   0   2  20   3   2   7   4   0  58  16   5   0   3  51   1   8  12
   8   0 123   6  10   0   6  27   0   8  19  11   0 100   5   6   4   0
 124   1  13  23   2   0  47  24  18   1   1  23   7   2   8   2   0  17
  21   7   1   1  65   2  10  24   3   0  78  11   8   2   2  65   1   6
  38   1   0 112  25   7   2   3  18   0   6   8  15   0 154   2   2   0
   0   7   1   4  10   1   0  68   3   6   0   1  35   4   7  27   9   1
 408  16  14   0   0  71   0   6  15   1   0  51  33
REDDIT-MULTI-12K	25276.3828060627	3327.188366651535	0.29463537300922044	0.714589381546947	 49   0   3  23   3   2   5   3   0  60  13   6   6   5  50   1  10  12
   6   0 118   3   9   0   8  33   0   6  13   9   0 103   5   7   1   1
 124   2  11  27   1   0  47  23  21   1   1  26   4   3   6   1   0  20
  17   7   2   0  67   3   9  21   1   0  83   9   8   2   0  63   1  12
  43   2   0 107  22   9   1   2  18   0   6   7  16   0 154   2   2   0
   0   7   1   4  12   1   0  67   2   6   1   1  34   4   6  25   7   0
 411  19  14   0   0  70   1   5  13   1   0  54  33
REDDIT-MULTI-12K	25792.67534303665	3122.880155801773	0.2854149203688181	0.7157483994724285	 49   0   1  25   1   2   4   4   0  60  15   8   3   2  50   2  11  15
   7   0 114   5   9   1   6  30   0   6  17  14   0  99   4   7   3   1
 116   4  14  22   3   0  47  27  20   0   1  26   5   1   6   1   0  20
  20   9   2   0  71   2   9  16   0   0  85   8   9   3   2  61   3  11
  38   1   0 109  23   7   3   4  18   0   8   7  21   0 144   3   2   1
   0   8   0   4  10   1   1  66   3   6   3   1  41   3   7  23   9   1
 401  19  13   0   0  68   1  10  17   1   0  49  32
ENZYMES	5.768810749053955	121.29480600357056	0.26666666666666666	0.5918244423871482	 3  0  6  1  1  8  1  3  0  0  1 12  2  1  3  3  2  6  2  2  4  1  1 14
  1  0  2  0  3 14  0  0  2  1  1 19
ENZYMES	5.6056602001190186	121.05535793304443	0.275	0.5691947734045038	 5  2  3  0  2  7  2  2  0  1  1 11  3  0  2  3  2  7  1  0  4  2  3 14
  1  0  2  1  3 13  0  0  3  0  1 19
ENZYMES	5.9681501388549805	123.75504517555237	0.275	0.5727665730512986	 4  1  4  1  2  7  1  3  0  0  1 12  1  0  2  4  3  7  3  0  2  1  4 14
  1  0  1  1  4 13  0  0  3  0  1 19
ENZYMES	6.7665393352508545	125.91674971580505	0.26666666666666666	0.5526079150167013	 5  2  3  0  2  7  2  2  0  1  1 11  2  0  2  3  3  7  2  1  2  2  4 13
  1  1  1  1  4 12  0  1  4  0  1 17
ENZYMES	6.064351320266724	120.45520305633545	0.26666666666666666	0.5597942293659788	 4  1  4  1  2  7  1  3  0  0  2 11  1  0  2  3  4  7  3  0  3  1  3 14
  1  0  1  1  4 13  0  1  3  0  1 18
BZR	3.356703281402588	104.04730701446533	0.8518518518518519	0.7334754797441364	66  1 11  3
BZR	3.2612929344177246	107.05898404121399	0.8518518518518519	0.7334754797441364	66  1 11  3
BZR	3.580151319503784	101.33831310272217	0.8518518518518519	0.7388059701492538	66  1 11  3
BZR	3.730577230453491	104.44470381736755	0.8518518518518519	0.7345415778251599	66  1 11  3
BZR	3.325361728668213	103.15172505378723	0.8518518518518519	0.7388059701492538	66  1 11  3
MUTAG	0.6107559204101562	70.71209907531738	0.7631578947368421	0.8060897435897436	 5  7  2 24
MUTAG	0.7693266868591309	69.6237940788269	0.7631578947368421	0.8028846153846154	 5  7  2 24
MUTAG	0.807898998260498	68.47646999359131	0.7631578947368421	0.8157051282051282	 5  7  2 24
MUTAG	0.8250577449798584	68.6386649608612	0.7631578947368421	0.8060897435897436	 5  7  2 24
MUTAG	0.6911590099334717	70.62903690338135	0.7631578947368421	0.8141025641025642	 5  7  2 24
PROTEINS	21.341673851013184	165.71556305885315	0.672645739910314	0.6641275391275391	126   6  67  24
PROTEINS	21.829939603805542	161.85981273651123	0.6681614349775785	0.6642107892107892	125   7  67  24
PROTEINS	21.07419991493225	167.70696997642517	0.6681614349775785	0.6642107892107892	125   7  67  24
PROTEINS	21.174167156219482	165.00258898735046	0.6681614349775785	0.6642107892107892	125   7  67  24
PROTEINS	21.915877103805542	162.9120581150055	0.672645739910314	0.6641275391275391	126   6  67  24
DHFR	10.465086221694946	163.65105509757996	0.7763157894736842	0.830120698973158	45 16 18 73
DHFR	9.851481914520264	163.57751297950745	0.7894736842105263	0.8254368582237435	43 18 14 77
DHFR	10.488775730133057	162.8347282409668	0.7763157894736842	0.830120698973158	45 16 18 73
DHFR	10.643830060958862	166.27665424346924	0.7763157894736842	0.8254368582237435	41 20 14 77
DHFR	10.442981243133545	162.7549569606781	0.7697368421052632	0.8330030625112592	45 16 19 72
NCI1	262.98987197875977	1713.0396296977997	0.6021897810218978	0.6453442879499216	266 160 167 229
NCI1	278.5260679721832	1757.0159351825714	0.6082725060827251	0.6480710864513681	270 156 166 230
NCI1	776.8648710250854	1517.930980205536	0.6082725060827251	0.6469922226964481	270 156 166 230
NCI1	272.1685199737549	1565.270308971405	0.6082725060827251	0.6482014985536113	272 154 168 228
NCI1	234.89715814590454	1390.675717830658	0.6082725060827251	0.6480710864513681	270 156 166 230
COX2	13.784796953201294	173.53713583946228	0.7340425531914894	0.6393141457440293	69  2 23  0
COX2	15.256248950958252	104.92778491973877	0.7340425531914894	0.6313533374157991	69  2 23  0
COX2	14.895496129989624	177.84446787834167	0.7340425531914894	0.6344151867728107	69  2 23  0
COX2	15.022707223892212	122.4619369506836	0.7340425531914894	0.6393141457440293	69  2 23  0
COX2	4.811650991439819	174.18538904190063	0.7340425531914894	0.6362522963870177	69  2 23  0
