REDDIT-MULTI-5K	36808.57908701897	1558.2078649997711	0.451	0.7830425246571515	147  38  22   1   5  59  83  22  11  21  31  30  48  38  56   6  17  12
 103  62  15  17  25  61  70
REDDIT-MULTI-5K	29589.289561986923	2176.594984292984	0.463	0.7847464117596212	152  34  20   1   6  58  83  21  12  22  30  29  52  38  54   6  16  15
 105  58  13  17  24  63  71
REDDIT-MULTI-5K	30387.47581219673	2331.603264093399	0.457	0.781680606552029	151  33  23   1   5  58  80  24  13  21  29  32  50  37  55   8  13  16
 103  60  14  17  25  59  73
REDDIT-MULTI-5K	25984.638446569443	1300.166417837143	0.453	0.781870457586691	152  34  20   1   6  59  80  23  12  22  29  33  49  40  52   6  17  12
 104  61  14  16  28  62  68
REDDIT-MULTI-5K	26422.768038988113	1304.5318791866302	0.454	0.7822208159216901	149  38  20   1   5  59  82  23  10  22  32  32  50  38  51   8  15  13
 105  59  14  20  24  62  68
REDDIT-MULTI-12K	66824.75178790092	4445.866818666458	0.3910310142497904	0.804294792501824	 72   0   2  25   6   0   0   5   0  41  10   4   8  10  56   1  16  16
  12   0  88   6   7   4  11  31   3  10  10  16   0  89   5   5   6   2
 158   3  15  11   3   0  28  13   2   3   1  20  46   2   2   4   0  14
   6   2   4   1  89   2  18  19  10   0  49   8   3   5   2  31   0  14
  42   7   0  93  63   5   8   3  25   2   6   3  64   0  99   0   2   5
   2   8   1   4   5   0   0  64   5   2   6   2  11   2   3  11  20   0
 408  49   1   1   1  13   1   1  13   0   0  54 106
REDDIT-MULTI-12K	25814.948605298996	2998.6423258781433	0.39186923721709976	0.8032398583157936	 71   0   2  26   5   0   0   6   0  40  11   4   8  11  57   1  13  17
  13   0  88   5   8   2  15  33   3   6   9  14   1  89   6   4   3   2
 159   4  17  11   3   0  29  12   2   2   0  18  46   2   4   4   0  15
   7   3   7   1  90   2  14  19   6   0  53   7   3   3   2  31   1  11
  42   8   0  97  62   4  11   2  24   3   8   3  69   0  91   0   1   2
   1   8   1   6   5   1   0  66   5   2   6   3   8   3   5  11  20   0
 405  51   1   0   0  11   1   1  16   0   0  55 106
REDDIT-MULTI-12K	27511.919465065002	3107.133399963379	0.3851634534786253	0.8043491560481134	 71   1   1  26   5   0   0   6   0  40  11   4   7   8  56   1  16  15
  16   0  89   5   7   4  10  34   3   8   8  16   0  89   7   4   6   2
 158   3  16  14   3   0  25  13   3   2   1  17  46   2   4   3   0  14
   8   2   5   1  94   2  11  21   8   0  51   7   3   4   2  35   0   8
  43   6   0  94  65   4   9   2  23   2   8   3  65   0  99   0   2   4
   1   9   1   3   5   0   0  66   5   3   5   2   9   2   5  12  21   0
 403  52   1   1   0  13   1   2  15   0   0  53 105
REDDIT-MULTI-12K	27541.434934854507	2781.937267065048	0.38809723386420786	0.8035782722201245	 72   1   1  26   6   0   0   5   0  39  11   4   7   8  55   1  18  15
  11   0  93   5   7   4  11  33   3   7   8  17   0  91   5   5   6   2
 162   3  13  12   3   0  26  12   3   3   1  20  43   2   3   4   0  13
   8   4   5   0  91   2  14  18   7   0  55   6   3   4   3  31   0  14
  41  10   0  91  63   5   5   2  25   2  11   3  61   1 100   0   1   4
   1   7   1   6   6   1   0  63   6   2   6   3  11   2   4  14  16   0
 406  50   2   0   0  11   1   2  13   0   0  53 109
REDDIT-MULTI-12K	28121.845987081528	3392.9818279743195	0.38725901089689857	0.8054007352625991	 71   0   2  26   5   0   0   6   0  40  11   5   4   9  55   1  18  14
  16   0  89   6   7   5  13  34   3   7   9  13   0  90   5   5   7   2
 159   3  15  10   4   0  27  12   3   2   0  18  46   1   4   3   0  15
   8   2   3   1  96   2  12  17   9   0  53   7   3   4   1  32   1  12
  43   8   0  94  62   3   9   2  25   3   9   2  64   1  97   0   2   4
   1   9   0   4   6   0   0  65   5   2   5   2  10   2   3  14  17   1
 407  51   2   0   0  13   1   2  14   0   0  54 105
ENZYMES	20.386276245117188	175.52363896369934	0.275	0.6715055762570555	 3  1  5  2  1  7  1  4  0  0  1 11  2  1  3  3  2  6  2  1  3  1  3 14
  0  1  3  0  2 14  0  0  2  1  0 20
ENZYMES	5.383129596710205	115.66319584846497	0.3	0.6691406793366831	 4  1  4  1  2  7  1  5  0  0  1 10  3  1  2  2  3  6  4  0  3  1  3 13
  1  0  1  1  4 13  0  0  3  0  0 20
ENZYMES	5.513310670852661	137.0656933784485	0.25	0.664755981846929	 2  1  6  1  2  7  1  4  0  0  1 11  1  1  3  3  3  6  2  1  5  0  2 14
  0  1  3  1  1 14  0  0  2  1  0 20
ENZYMES	18.224138975143433	183.4566719532013	0.275	0.6715055762570555	 3  1  5  2  1  7  1  4  0  0  1 11  2  1  3  3  2  6  2  1  3  1  3 14
  0  1  3  0  2 14  0  0  2  1  0 20
ENZYMES	5.853304862976074	129.07291293144226	0.3	0.6274828380315377	 3  2  4  0  4  6  2  7  2  1  0  5  3  0  3  3  2  6  2  0  3  2  5 12
  1  3  1  1  5  9  1  0  4  2  0 16
BZR	3.2131340503692627	165.29726099967957	0.8518518518518519	0.7569296375266524	66  1 11  3
BZR	10.635761022567749	138.53763008117676	0.8518518518518519	0.7547974413646055	66  1 11  3
BZR	3.4211361408233643	111.71383905410767	0.8641975308641975	0.7409381663113006	66  1 10  4
BZR	3.5389130115509033	120.60078072547913	0.8641975308641975	0.7409381663113006	66  1 10  4
BZR	11.93664264678955	277.36399102211	0.8518518518518519	0.7547974413646055	66  1 11  3
MUTAG	1.269516944885254	140.60988783836365	0.8157894736842105	0.9503205128205128	 6  6  1 25
MUTAG	1.2634363174438477	128.11755514144897	0.8157894736842105	0.9503205128205128	 6  6  1 25
MUTAG	1.2316229343414307	162.2891139984131	0.8421052631578947	0.9535256410256411	 7  5  1 25
MUTAG	2.408596992492676	217.7458257675171	0.8157894736842105	0.9471153846153846	 6  6  1 25
MUTAG	1.302964210510254	135.07239508628845	0.8157894736842105	0.9503205128205128	 6  6  1 25
PROTEINS	580.5903024673462	456.02782797813416	0.7354260089686099	0.7569097569097569	116  16  43  48
PROTEINS	507.3464787006378	318.7676739692688	0.7219730941704036	0.7703130203130204	111  21  41  50
PROTEINS	557.1058530807495	310.0537610054016	0.7309417040358744	0.7653180153180155	115  17  43  48
PROTEINS	343.13209199905396	163.4890739917755	0.7309417040358744	0.7653180153180155	115  17  43  48
PROTEINS	20.219330310821533	277.5754728317261	0.7309417040358744	0.768897768897769	113  19  41  50
DHFR	24.48169469833374	301.29389095306396	0.7697368421052632	0.8375067555395425	45 16 19 72
DHFR	41.81125497817993	295.81788301467896	0.7697368421052632	0.8375067555395425	45 16 19 72
DHFR	16.974928617477417	290.52833008766174	0.756578947368421	0.8358854260493604	43 18 19 72
DHFR	41.29752016067505	278.8989517688751	0.7828947368421053	0.8221941992433796	43 18 15 76
DHFR	42.47889995574951	312.4638237953186	0.756578947368421	0.8358854260493604	43 18 19 72
NCI1	237.91330528259277	1531.2316222190857	0.6508515815085159	0.6981404419784701	287 139 148 248
NCI1	219.23050594329834	1140.331274986267	0.6520681265206812	0.698057452458861	288 138 148 248
NCI1	201.31439685821533	985.8965661525726	0.648418491484185	0.69644508464931	286 140 149 247
NCI1	212.8787281513214	1279.4356439113617	0.6459854014598541	0.697547659695547	285 141 150 246
NCI1	235.53499293327332	1308.6712381839752	0.648418491484185	0.69644508464931	286 140 149 247
COX2	8.65082597732544	155.74923396110535	0.7340425531914894	0.6417636252296387	69  2 23  0
COX2	9.19507908821106	156.4262080192566	0.7340425531914894	0.6362522963870177	69  2 23  0
COX2	9.2571120262146	155.6170060634613	0.7340425531914894	0.6417636252296387	69  2 23  0
COX2	9.359204769134521	153.9603250026703	0.7340425531914894	0.638701775872627	69  2 23  0
COX2	9.127886295318604	151.82974195480347	0.7340425531914894	0.6417636252296387	69  2 23  0
